Fri Jan 14 20:01:46 2022,Fri Jan 14 20:03:18 2022
Fri Jan 14 20:03:25 2022,Fri Jan 14 20:04:56 2022
Fri Jan 14 20:05:03 2022,Fri Jan 14 20:06:35 2022
Fri Jan 14 20:06:42 2022,Fri Jan 14 20:08:13 2022
Fri Jan 14 20:08:21 2022,Fri Jan 14 20:09:52 2022
Fri Jan 14 20:10:00 2022,Fri Jan 14 20:11:31 2022
Fri Jan 14 20:11:39 2022,Fri Jan 14 20:13:10 2022
Fri Jan 14 20:13:17 2022,Fri Jan 14 20:14:47 2022
Fri Jan 14 20:14:55 2022,Fri Jan 14 20:16:26 2022
Fri Jan 14 20:16:33 2022,Fri Jan 14 20:18:06 2022
Fri Jan 14 20:18:12 2022,Fri Jan 14 20:19:44 2022
Fri Jan 14 20:19:51 2022,Fri Jan 14 20:21:23 2022
Fri Jan 14 20:21:30 2022,Fri Jan 14 20:23:01 2022
Fri Jan 14 20:23:08 2022,Fri Jan 14 20:24:40 2022
Fri Jan 14 20:24:47 2022,Fri Jan 14 20:26:18 2022
Fri Jan 14 20:26:25 2022,Fri Jan 14 20:27:56 2022
Fri Jan 14 20:28:03 2022,Fri Jan 14 20:29:34 2022
Fri Jan 14 20:29:42 2022,Fri Jan 14 20:31:14 2022
Fri Jan 14 20:31:21 2022,Fri Jan 14 20:32:53 2022
Fri Jan 14 20:33:00 2022,Fri Jan 14 20:34:32 2022
Fri Jan 14 20:34:39 2022,Fri Jan 14 20:36:11 2022
Fri Jan 14 20:36:18 2022,Fri Jan 14 20:37:50 2022
Fri Jan 14 20:37:57 2022,Fri Jan 14 20:39:29 2022
Fri Jan 14 20:39:36 2022,Fri Jan 14 20:41:08 2022
Fri Jan 14 20:41:16 2022,Fri Jan 14 20:42:48 2022
Fri Jan 14 20:42:55 2022,Fri Jan 14 20:44:26 2022
Fri Jan 14 20:44:34 2022,Fri Jan 14 20:46:06 2022
Fri Jan 14 20:46:13 2022,Fri Jan 14 20:47:44 2022
Fri Jan 14 20:47:52 2022,Fri Jan 14 20:49:23 2022
Fri Jan 14 20:49:30 2022,Fri Jan 14 20:51:00 2022
Fri Jan 14 20:51:07 2022,Fri Jan 14 20:52:38 2022
Fri Jan 14 20:52:46 2022,Fri Jan 14 20:54:16 2022
Fri Jan 14 20:54:23 2022,Fri Jan 14 20:55:56 2022
Fri Jan 14 20:56:03 2022,Fri Jan 14 20:57:33 2022
Fri Jan 14 20:57:41 2022,Fri Jan 14 20:59:13 2022
Fri Jan 14 20:59:20 2022,Fri Jan 14 21:00:52 2022
Fri Jan 14 21:00:59 2022,Fri Jan 14 21:02:32 2022
Fri Jan 14 21:02:39 2022,Fri Jan 14 21:04:10 2022
Fri Jan 14 21:04:17 2022,Fri Jan 14 21:05:47 2022
Fri Jan 14 21:05:55 2022,Fri Jan 14 21:07:26 2022
Fri Jan 14 21:07:33 2022,Fri Jan 14 21:09:05 2022
Fri Jan 14 21:09:12 2022,Fri Jan 14 21:10:43 2022
Fri Jan 14 21:10:50 2022,Fri Jan 14 21:12:23 2022
Fri Jan 14 21:12:30 2022,Fri Jan 14 21:14:01 2022
Fri Jan 14 21:14:08 2022,Fri Jan 14 21:15:39 2022
Fri Jan 14 21:15:47 2022,Fri Jan 14 21:17:18 2022
Fri Jan 14 21:17:25 2022,Fri Jan 14 21:18:57 2022
Fri Jan 14 21:19:04 2022,Fri Jan 14 21:20:35 2022
Fri Jan 14 21:20:42 2022,Fri Jan 14 21:22:13 2022
Fri Jan 14 21:22:21 2022,Fri Jan 14 21:23:52 2022
Fri Jan 14 21:26:14 2022,Fri Jan 14 21:27:44 2022
Fri Jan 14 21:27:51 2022,Fri Jan 14 21:29:20 2022
Fri Jan 14 21:29:27 2022,Fri Jan 14 21:30:57 2022
Fri Jan 14 21:31:04 2022,Fri Jan 14 21:32:34 2022
Fri Jan 14 21:32:41 2022,Fri Jan 14 21:34:11 2022
Fri Jan 14 21:34:18 2022,Fri Jan 14 21:35:48 2022
Fri Jan 14 21:35:56 2022,Fri Jan 14 21:37:25 2022
Fri Jan 14 21:37:32 2022,Fri Jan 14 21:39:02 2022
Fri Jan 14 21:39:10 2022,Fri Jan 14 21:40:39 2022
Fri Jan 14 21:40:47 2022,Fri Jan 14 21:42:16 2022
Fri Jan 14 21:42:23 2022,Fri Jan 14 21:43:53 2022
Fri Jan 14 21:44:01 2022,Fri Jan 14 21:45:30 2022
Fri Jan 14 21:45:38 2022,Fri Jan 14 21:47:08 2022
Fri Jan 14 21:47:15 2022,Fri Jan 14 21:48:45 2022
Fri Jan 14 21:48:52 2022,Fri Jan 14 21:50:23 2022
Fri Jan 14 21:50:30 2022,Fri Jan 14 21:52:00 2022
Fri Jan 14 21:52:07 2022,Fri Jan 14 21:53:36 2022
Fri Jan 14 21:53:43 2022,Fri Jan 14 21:55:14 2022
Fri Jan 14 21:55:21 2022,Fri Jan 14 21:56:50 2022
Fri Jan 14 21:56:57 2022,Fri Jan 14 21:58:27 2022
Fri Jan 14 21:58:35 2022,Fri Jan 14 22:00:05 2022
Fri Jan 14 22:00:12 2022,Fri Jan 14 22:01:42 2022
Fri Jan 14 22:01:49 2022,Fri Jan 14 22:03:20 2022
Fri Jan 14 22:03:27 2022,Fri Jan 14 22:04:57 2022
Fri Jan 14 22:05:05 2022,Fri Jan 14 22:06:35 2022
Fri Jan 14 22:06:42 2022,Fri Jan 14 22:08:12 2022
Fri Jan 14 22:08:20 2022,Fri Jan 14 22:09:49 2022
Fri Jan 14 22:09:56 2022,Fri Jan 14 22:11:25 2022
Fri Jan 14 22:11:33 2022,Fri Jan 14 22:13:02 2022
Fri Jan 14 22:13:10 2022,Fri Jan 14 22:14:39 2022
Fri Jan 14 22:14:47 2022,Fri Jan 14 22:16:16 2022
Fri Jan 14 22:16:23 2022,Fri Jan 14 22:17:52 2022
Fri Jan 14 22:17:59 2022,Fri Jan 14 22:19:29 2022
Fri Jan 14 22:19:36 2022,Fri Jan 14 22:21:07 2022
Fri Jan 14 22:21:14 2022,Fri Jan 14 22:22:44 2022
Fri Jan 14 22:22:51 2022,Fri Jan 14 22:24:20 2022
Fri Jan 14 22:24:27 2022,Fri Jan 14 22:25:57 2022
Fri Jan 14 22:26:04 2022,Fri Jan 14 22:27:34 2022
Fri Jan 14 22:27:42 2022,Fri Jan 14 22:29:11 2022
Fri Jan 14 22:29:19 2022,Fri Jan 14 22:30:47 2022
Fri Jan 14 22:30:54 2022,Fri Jan 14 22:32:24 2022
Fri Jan 14 22:32:32 2022,Fri Jan 14 22:34:02 2022
Fri Jan 14 22:34:09 2022,Fri Jan 14 22:35:38 2022
Fri Jan 14 22:35:46 2022,Fri Jan 14 22:37:16 2022
Fri Jan 14 22:37:23 2022,Fri Jan 14 22:38:53 2022
Fri Jan 14 22:39:00 2022,Fri Jan 14 22:40:29 2022
Fri Jan 14 22:40:37 2022,Fri Jan 14 22:42:06 2022
Fri Jan 14 22:42:13 2022,Fri Jan 14 22:43:43 2022
Fri Jan 14 22:43:51 2022,Fri Jan 14 22:45:21 2022
Fri Jan 14 22:45:29 2022,Fri Jan 14 22:46:59 2022