Fri Dec 24 09:03:45 2021,Fri Dec 24 09:05:07 2021
Fri Dec 24 09:05:15 2021,Fri Dec 24 09:06:36 2021
Fri Dec 24 09:06:44 2021,Fri Dec 24 09:08:05 2021
Fri Dec 24 09:08:13 2021,Fri Dec 24 09:09:34 2021
Fri Dec 24 09:09:41 2021,Fri Dec 24 09:11:03 2021
Fri Dec 24 09:11:10 2021,Fri Dec 24 09:12:32 2021
Fri Dec 24 09:12:40 2021,Fri Dec 24 09:14:01 2021
Fri Dec 24 09:14:08 2021,Fri Dec 24 09:15:29 2021
Fri Dec 24 09:15:37 2021,Fri Dec 24 09:17:00 2021
Fri Dec 24 09:17:07 2021,Fri Dec 24 09:18:29 2021
Fri Dec 24 09:18:37 2021,Fri Dec 24 09:19:58 2021
Fri Dec 24 09:20:06 2021,Fri Dec 24 09:21:28 2021
Fri Dec 24 09:21:36 2021,Fri Dec 24 09:22:57 2021
Fri Dec 24 09:23:04 2021,Fri Dec 24 09:24:25 2021
Fri Dec 24 09:24:33 2021,Fri Dec 24 09:25:54 2021
Fri Dec 24 09:26:01 2021,Fri Dec 24 09:27:23 2021
Fri Dec 24 09:27:31 2021,Fri Dec 24 09:28:53 2021
Fri Dec 24 09:29:01 2021,Fri Dec 24 09:30:22 2021
Fri Dec 24 09:30:30 2021,Fri Dec 24 09:31:50 2021
Fri Dec 24 09:31:58 2021,Fri Dec 24 09:33:20 2021
Fri Dec 24 09:33:27 2021,Fri Dec 24 09:34:49 2021
Fri Dec 24 09:34:57 2021,Fri Dec 24 09:36:19 2021
Fri Dec 24 09:36:26 2021,Fri Dec 24 09:37:49 2021
Fri Dec 24 09:37:56 2021,Fri Dec 24 09:39:17 2021
Fri Dec 24 09:39:24 2021,Fri Dec 24 09:40:46 2021
Fri Dec 24 09:40:53 2021,Fri Dec 24 09:42:15 2021
Fri Dec 24 09:42:22 2021,Fri Dec 24 09:43:44 2021
Fri Dec 24 09:43:51 2021,Fri Dec 24 09:45:13 2021
Fri Dec 24 09:45:19 2021,Fri Dec 24 09:46:42 2021
Fri Dec 24 09:46:49 2021,Fri Dec 24 09:48:11 2021
Fri Dec 24 09:48:18 2021,Fri Dec 24 09:49:39 2021
Fri Dec 24 09:49:46 2021,Fri Dec 24 09:51:08 2021
Fri Dec 24 09:51:15 2021,Fri Dec 24 09:52:37 2021
Fri Dec 24 09:52:45 2021,Fri Dec 24 09:54:06 2021
Fri Dec 24 09:54:14 2021,Fri Dec 24 09:55:35 2021
Fri Dec 24 09:55:42 2021,Fri Dec 24 09:57:04 2021
Fri Dec 24 09:57:11 2021,Fri Dec 24 09:58:32 2021
Fri Dec 24 09:58:39 2021,Fri Dec 24 10:00:00 2021
Fri Dec 24 10:00:08 2021,Fri Dec 24 10:01:29 2021
Fri Dec 24 10:01:36 2021,Fri Dec 24 10:02:59 2021
Fri Dec 24 10:03:06 2021,Fri Dec 24 10:04:28 2021
Fri Dec 24 10:04:36 2021,Fri Dec 24 10:05:58 2021
Fri Dec 24 10:06:05 2021,Fri Dec 24 10:07:26 2021
Fri Dec 24 10:07:34 2021,Fri Dec 24 10:08:55 2021
Fri Dec 24 10:09:03 2021,Fri Dec 24 10:10:24 2021
Fri Dec 24 10:10:31 2021,Fri Dec 24 10:11:52 2021
Fri Dec 24 10:12:00 2021,Fri Dec 24 10:13:21 2021
Fri Dec 24 10:13:29 2021,Fri Dec 24 10:14:50 2021
Fri Dec 24 10:14:58 2021,Fri Dec 24 10:16:19 2021
Fri Dec 24 10:16:26 2021,Fri Dec 24 10:17:48 2021
Sat Dec 18 19:20:22 2021,Sat Dec 18 19:21:43 2021
Sat Dec 18 19:21:51 2021,Sat Dec 18 19:23:13 2021
Sat Dec 18 19:23:21 2021,Sat Dec 18 19:24:43 2021
Sat Dec 18 19:24:50 2021,Sat Dec 18 19:26:12 2021
Sat Dec 18 19:26:19 2021,Sat Dec 18 19:27:41 2021
Sat Dec 18 19:27:48 2021,Sat Dec 18 19:29:09 2021
Sat Dec 18 19:29:17 2021,Sat Dec 18 19:30:39 2021
Sat Dec 18 19:30:47 2021,Sat Dec 18 19:32:09 2021
Sat Dec 18 19:32:16 2021,Sat Dec 18 19:33:38 2021
Sat Dec 18 19:33:45 2021,Sat Dec 18 19:35:07 2021
Sat Dec 18 19:35:15 2021,Sat Dec 18 19:36:36 2021
Sat Dec 18 19:36:44 2021,Sat Dec 18 19:38:06 2021
Sat Dec 18 19:38:13 2021,Sat Dec 18 19:39:36 2021
Sat Dec 18 19:39:43 2021,Sat Dec 18 19:41:04 2021
Sat Dec 18 19:41:12 2021,Sat Dec 18 19:42:33 2021
Sat Dec 18 19:42:40 2021,Sat Dec 18 19:44:02 2021
Sat Dec 18 19:44:09 2021,Sat Dec 18 19:45:31 2021
Sat Dec 18 19:45:39 2021,Sat Dec 18 19:47:00 2021
Sat Dec 18 19:47:07 2021,Sat Dec 18 19:48:29 2021
Sat Dec 18 19:48:37 2021,Sat Dec 18 19:49:59 2021
Sat Dec 18 19:50:06 2021,Sat Dec 18 19:51:27 2021
Sat Dec 18 19:51:35 2021,Sat Dec 18 19:52:57 2021
Sat Dec 18 19:53:04 2021,Sat Dec 18 19:54:26 2021
Sat Dec 18 19:54:33 2021,Sat Dec 18 19:55:54 2021
Sat Dec 18 19:56:01 2021,Sat Dec 18 19:57:23 2021
Sat Dec 18 19:57:30 2021,Sat Dec 18 19:58:52 2021
Sat Dec 18 19:58:59 2021,Sat Dec 18 20:00:21 2021
Sat Dec 18 20:00:28 2021,Sat Dec 18 20:01:51 2021
Sat Dec 18 20:01:58 2021,Sat Dec 18 20:03:19 2021
Sat Dec 18 20:03:27 2021,Sat Dec 18 20:04:48 2021
Fri Dec 24 10:20:13 2021,Fri Dec 24 10:21:37 2021
Fri Dec 24 10:21:45 2021,Fri Dec 24 10:23:08 2021
Fri Dec 24 10:23:16 2021,Fri Dec 24 10:24:39 2021
Fri Dec 24 10:24:46 2021,Fri Dec 24 10:26:10 2021
Fri Dec 24 10:26:18 2021,Fri Dec 24 10:27:41 2021
Fri Dec 24 10:27:48 2021,Fri Dec 24 10:29:12 2021
Fri Dec 24 10:29:19 2021,Fri Dec 24 10:30:42 2021
Fri Dec 24 10:30:49 2021,Fri Dec 24 10:32:10 2021
Fri Dec 24 10:32:18 2021,Fri Dec 24 10:33:41 2021
Fri Dec 24 10:33:49 2021,Fri Dec 24 10:35:12 2021
Fri Dec 24 10:35:20 2021,Fri Dec 24 10:36:43 2021
Fri Dec 24 10:36:51 2021,Fri Dec 24 10:38:13 2021
Fri Dec 24 10:36:51 2021,Fri Dec 24 10:38:13 2021
Fri Dec 24 10:38:21 2021,Fri Dec 24 10:39:45 2021
Fri Dec 24 10:39:52 2021,Fri Dec 24 10:41:16 2021
Fri Dec 24 10:41:24 2021,Fri Dec 24 10:42:48 2021
Fri Dec 24 10:42:55 2021,Fri Dec 24 10:44:18 2021
Fri Dec 24 10:44:25 2021,Fri Dec 24 10:45:49 2021
Sat Dec 18 20:42:44 2021,Sat Dec 18 20:44:08 2021
Sat Dec 18 20:44:15 2021,Sat Dec 18 20:45:38 2021
Sat Dec 18 20:45:45 2021,Sat Dec 18 20:47:08 2021
Sat Dec 18 20:47:16 2021,Sat Dec 18 20:48:40 2021
Sat Dec 18 20:48:47 2021,Sat Dec 18 20:50:11 2021
Sat Dec 18 20:50:18 2021,Sat Dec 18 20:51:42 2021
Sat Dec 18 20:51:50 2021,Sat Dec 18 20:53:13 2021
Sat Dec 18 20:53:20 2021,Sat Dec 18 20:54:43 2021
Sat Dec 18 20:54:50 2021,Sat Dec 18 20:56:14 2021
Sat Dec 18 20:56:21 2021,Sat Dec 18 20:57:44 2021
Sat Dec 18 20:57:51 2021,Sat Dec 18 20:59:15 2021
Mon Dec 20 16:43:57 2021,Mon Dec 20 16:45:21 2021
Mon Dec 20 16:45:29 2021,Mon Dec 20 16:46:53 2021
Mon Dec 20 16:47:00 2021,Mon Dec 20 16:48:24 2021
Mon Dec 20 16:48:31 2021,Mon Dec 20 16:49:54 2021
Mon Dec 20 16:50:02 2021,Mon Dec 20 16:51:26 2021
Mon Dec 20 16:51:33 2021,Mon Dec 20 16:52:57 2021
Mon Dec 20 16:53:04 2021,Mon Dec 20 16:54:28 2021
Mon Dec 20 16:54:36 2021,Mon Dec 20 16:55:59 2021
Mon Dec 20 16:56:07 2021,Mon Dec 20 16:57:31 2021
Mon Dec 20 16:57:38 2021,Mon Dec 20 16:59:02 2021
Mon Dec 20 16:59:10 2021,Mon Dec 20 17:00:34 2021
Mon Dec 20 17:00:42 2021,Mon Dec 20 17:02:06 2021
Mon Dec 20 17:02:13 2021,Mon Dec 20 17:03:37 2021
Mon Dec 20 17:03:44 2021,Mon Dec 20 17:05:07 2021
Mon Dec 20 14:31:09 2021,Mon Dec 20 14:32:33 2021
Mon Dec 20 14:32:40 2021,Mon Dec 20 14:34:04 2021
Mon Dec 20 14:34:12 2021,Mon Dec 20 14:35:35 2021
Mon Dec 20 14:35:42 2021,Mon Dec 20 14:37:07 2021
Mon Dec 20 14:37:14 2021,Mon Dec 20 14:38:39 2021
Wed Jan  5 08:07:59 2022,Wed Jan  5 08:09:24 2022
Wed Jan  5 08:09:31 2022,Wed Jan  5 08:10:55 2022
Wed Jan  5 08:11:02 2022,Wed Jan  5 08:12:26 2022
Wed Jan  5 08:12:33 2022,Wed Jan  5 08:13:58 2022
Wed Jan  5 08:14:05 2022,Wed Jan  5 08:15:29 2022
Wed Jan  5 08:15:37 2022,Wed Jan  5 08:17:00 2022
Wed Jan  5 08:17:07 2022,Wed Jan  5 08:18:32 2022
Wed Jan  5 08:18:39 2022,Wed Jan  5 08:20:03 2022
Wed Jan  5 08:20:10 2022,Wed Jan  5 08:21:33 2022
Wed Jan  5 08:21:40 2022,Wed Jan  5 08:23:05 2022
Wed Jan  5 08:23:12 2022,Wed Jan  5 08:24:35 2022
Wed Jan  5 08:24:43 2022,Wed Jan  5 08:26:06 2022
Wed Jan  5 08:26:13 2022,Wed Jan  5 08:27:37 2022
Wed Jan  5 08:27:45 2022,Wed Jan  5 08:29:09 2022
Wed Jan  5 08:29:17 2022,Wed Jan  5 08:30:41 2022
Wed Jan  5 08:30:48 2022,Wed Jan  5 08:32:12 2022
Wed Jan  5 08:32:20 2022,Wed Jan  5 08:33:44 2022
Wed Jan  5 08:33:51 2022,Wed Jan  5 08:35:14 2022
Wed Jan  5 08:35:22 2022,Wed Jan  5 08:36:45 2022
Wed Jan  5 08:36:53 2022,Wed Jan  5 08:38:16 2022
Wed Jan  5 08:38:24 2022,Wed Jan  5 08:39:47 2022
Wed Jan  5 08:39:54 2022,Wed Jan  5 08:41:18 2022
Wed Jan  5 08:41:25 2022,Wed Jan  5 08:42:47 2022
Wed Jan  5 08:42:54 2022,Wed Jan  5 08:44:18 2022
Wed Jan  5 08:44:25 2022,Wed Jan  5 08:45:49 2022
Wed Jan  5 08:45:56 2022,Wed Jan  5 08:47:19 2022
Wed Jan  5 08:47:26 2022,Wed Jan  5 08:48:50 2022
Wed Jan  5 08:48:58 2022,Wed Jan  5 08:50:21 2022
Wed Jan  5 08:50:28 2022,Wed Jan  5 08:51:52 2022
Wed Jan  5 08:51:59 2022,Wed Jan  5 08:53:23 2022
Wed Jan  5 08:53:30 2022,Wed Jan  5 08:54:53 2022
Wed Jan  5 08:55:00 2022,Wed Jan  5 08:56:23 2022
